Nama Product,Categories
Nasi Goreng,Food
Es Teh,Food
Bakso,Food
Mie Ayam,Food
Pulsa,Elektronik
Token Listrik,Elektronik
Kopi,Food
Susu,Food
Es Jeruk,Food
Cappucino,Food
Mie Goreng,Food
Kaos,Fashion
Indomie,Food
SilverQueen,Food
Kopiko,Food
Tolak Angin,Food
Kuku Bima,Food
Jahe Wangi,Food
Permen Kopiko,Food
Kopi Luwak,Food
Tisu Paseo,Food
Batik,Food
Polytron,Elektronik
Krisbow,Elektronik
GT Radial,Elektronik
Kulkas Toshiba,Elektronik
AC Panasonic,Elektronik
TV Sharp,Elektronik
Mesin Cuci LG,Elektronik
Handphone Oppo,Elektronik
Laptop Asus,Elektronik
Blender Philips,Elektronik
Batik,Fashion
Kebaya,Fashion
Kain Tenun,Fashion
Sarung,Fashion
Songket,Fashion
Sepatu Vans,Fashion
Tas Ransel,Fashion
Baju Koko,Fashion
Celana Jeans,Fashion
Kaos Polos,Fashion
Kemeja Flanel,Fashion
Dress,Fashion
Hijab,Fashion
Topi,Fashion
Sandal Jepit,Fashion
Sweater,Fashion
Jaket Kulit,Fashion
Sepatu Sneakers,Fashion
Baju Gamis,Fashion
Celana Panjang,Fashion
Kaos Kaki,Fashion
Dompet,Fashion
Jam Tangan,Fashion
Kalung,Fashion
Gelang,Fashion
Baju Renang,Fashion
Baju Anak,Fashion
Baju Muslim,Fashion
Baju Tidur,Fashion
Nasi Uduk,Food
Ayam Goreng,Food
Babi Guling,Food
Sate,Food
Rendang,Food
Soto,Food
Martabak,Food
Tempe,Food
Tahu,Food
Kerupuk,Food
Krupuk Udang,Food
Gado-Gado,Food
Nasi Kuning,Food
Nasi Padang,Food
Es Teh Manis,Food
Smartphone,Elektronik
Laptop,Elektronik
Televisi,Elektronik
Kulkas,Elektronik
Mesin Cuci,Elektronik
Blender,Elektronik
Rice Cooker,Elektronik
Kipas Angin,Elektronik
Lampu LED,Elektronik
Speaker Bluetooth,Elektronik
Earphone,Elektronik
Power Bank,Elektronik
Kamera Digital,Elektronik
Printer,Elektronik
AC (Air Conditioner),Elektronik
Baju T-shirt,Fashion
Sandal,Fashion
Baju Kebaya,Fashion
Kemeja,Fashion
Tas,Fashion
Baju Batik,Fashion
Kaos Polo,Fashion
Jilbab,Fashion
Kaos Oblong,Fashion
Sepatu Formal,Fashion
Baju Olahraga,Fashion
Baju Pesta,Fashion
Baju Kerja,Fashion
Baju Dalam,Fashion
Baju Wanita,Fashion
Baju Pria,Fashion
Baju Bayi,Fashion
Baju Hamil,Fashion
Baju Kaos,Fashion
Baju Couple,Fashion
Baju Lebaran,Fashion
Baju Pengantin,Fashion
Caramel Machiato,Food
Croffle,Food
Tahu Crispy,Food
Seblak,Food
Pisang Nugget,Food
Corndog,Food
Sosis Gulung,Food
Kue Balok Lumer,Food
Dessert Box,Food
Roti Bakar Kekinian,Food
Toast Kekinian,Food
Dalgona Coffee,Food
Thai Tea,Food
Brown Sugar Boba,Food
Cheese Tea,Food
Chizu Drink,Food
Avocado Coffee,Food
Kopi Susu Gula Aren,Food
Es Krim Goreng,Food
Es Kepal Milo,Food
Es Krim Alpukat Kocok,Food
Churros,Food
Takoyaki,Food
Cilok,Food
Cimol,Food
Bakpao Kekinian,Food
Martabak Manis Kekinian,Food
Martabak Telur Kekinian,Food
Pizza Mie,Food
Rice Bowl,Food
Sushi Mentai,Food
Onigiri,Food
Ramen,Food
Kimchi Fried Rice,Food
Tteokbokki,Food
Korean Garlic Bread,Food
Hotteok,Food
Burger Kekinian,Food
Spaghetti Aglio Olio,Food
Mac and Cheese,Food
Lasagna,Food
Dim Sum,Food
Siomay,Food
Batagor,Food
Bakso Aci,Food
Seblak Baso,Food
Keripik Singkong Balado,Food
Keripik Kentang Pedas,Food
Keripik Macem-Macem,Food
Popcorn Caramel,Food
Churros Keju,Food
Pisang Ijo,Food
Cendol,Food
Es Dawet,Food
Es Campur,Food
Es Oyen,Food
Mango Sticky Rice,Food
Bolu Kukus Kekinian,Food
Kue Putu,Food
Klepon,Food
Dadar Gulung,Food
Kue Lumpur,Food
Pancake,Food
Waffle,Food
Crepe,Food
Donat Kekinian,Food
Klepon Cake,Food
Tiramisu,Food
Puding Kekinian,Food
Fruit Tart,Food
Cheese Tart,Food
Sus Vla,Food
Nastar,Food
Putri Salju,Food
Kastengel,Food
Cornflake Cookies,Food
Chocolate Chip Cookies,Food
Red Velvet Cake,Food
Black Forest Cake,Food
Samsung,Elektronik
Apple,Elektronik
Xiaomi,Elektronik
Oppo,Elektronik
Vivo,Elektronik
Realme,Elektronik
Asus,Elektronik
Lenovo,Elektronik
Infinix,Elektronik
Tecno,Elektronik
Acer,Elektronik
HP,Elektronik
Dell,Elektronik
MSI,Elektronik
MacBook,Elektronik
Chromebook,Elektronik
Microsoft Surface,Elektronik
LG,Elektronik
Sony,Elektronik
TCL,Elektronik
Sharp,Elektronik
Panasonic,Elektronik
Toshiba,Elektronik
Hisense,Elektronik
Coocaa,Elektronik
Aqua,Elektronik
Electrolux,Elektronik
Sanyo,Elektronik
GEA,Elektronik
Modena,Elektronik
Haier,Elektronik
Gree,Elektronik
Daikin,Elektronik
AUX,Elektronik
Midea,Elektronik
Maspion,Elektronik
Miyako,Elektronik
Cosmos,Elektronik
Tropic,Elektronik
Yong Ma,Elektronik
Philips,Elektronik
National,Elektronik
Eltra,Elektronik
Tefal,Elektronik
Black & Decker,Elektronik
Dyson,Elektronik
Deerma,Elektronik
Honeywell,Elektronik
Coway,Elektronik
Airo,Elektronik
Ariston,Elektronik
Thermor,Elektronik
Solahart,Elektronik
Rinnai,Elektronik
Stiebel Eltron,Elektronik
Claude,Elektronik
Trina Solar,Elektronik
Quantum,Elektronik
JBL,Elektronik
Yamaha,Elektronik
Bose,Elektronik
Sonos,Elektronik
Klipsch,Elektronik
Polk Audio,Elektronik
Sennheiser,Elektronik
Beats,Elektronik
Audio-Technica,Elektronik
AKG,Elektronik
Razer,Elektronik
HyperX,Elektronik
Logitech,Elektronik
Harman Kardon,Elektronik
Marshall,Elektronik
Edifier,Elektronik
Canon,Elektronik
Nikon,Elektronik
Fujifilm,Elektronik
Olympus,Elektronik
GoPro,Elektronik
DJI,Elektronik
Insta360,Elektronik
Tamron,Elektronik
Sigma,Elektronik
Tokina,Elektronik
Samyang,Elektronik
Laowa,Elektronik
Rokinon,Elektronik
Zeiss,Elektronik
Parrot,Elektronik
Autel Robotics,Elektronik
Hubsan,Elektronik
PowerVision,Elektronik
Skydio,Elektronik
Ryze Tech,Elektronik
FPV Racing Drones,Elektronik
Holy Stone,Elektronik
Eachine,Elektronik
Fitbit,Elektronik
Garmin,Elektronik
Amazfit,Elektronik
Huawei,Elektronik
TicWatch,Elektronik
Fossil,Elektronik
Skagen,Elektronik
Michael Kors,Elektronik
Epson,Elektronik
BenQ,Elektronik
Optoma,Elektronik
ViewSonic,Elektronik
XGIMI,Elektronik
Vankyo,Elektronik
Kodak,Elektronik
Creston,Elektronik
Brother,Elektronik
Lexmark,Elektronik
Fuji Xerox,Elektronik
Ricoh,Elektronik
Kyocera,Elektronik
Konica Minolta,Elektronik
Fujitsu,Elektronik
Visioneer,Elektronik
Plustek,Elektronik
DoxImage,Elektronik
PosApp,Elektronik
Pax,Elektronik
Olivetti,Elektronik
Casio,Elektronik
S1000,Elektronik
Datecs,Elektronik
NCR,Elektronik
Citizen,Elektronik
Alienware,Elektronik
Predator,Elektronik
Intel,Elektronik
AMD,Elektronik
Apple M1,Elektronik
Qualcomm Snapdragon,Elektronik
Nvidia,Elektronik
Corsair,Elektronik
G.Skill,Elektronik
Kingston,Elektronik
Crucial,Elektronik
TeamGroup,Elektronik
Patriot,Elektronik
Adata,Elektronik
Gigabyte,Elektronik
ASRock,Elektronik
Biostar,Elektronik
NZXT,Elektronik
EVGA,Elektronik
Fractal Design,Elektronik
Thermaltake,Elektronik
Supermicro,Elektronik